{
  "decks": [
    1,
    2,
    4,
    6,
    8
  ],
  "betting": [
    2.1912286607373463,
    1.7363190222153513,
    1.222562077202328,
    0.8394885047613386,
    0.9052776282334916
  ],
  "betting_ci": [
    0.18455332994544107,
    0.2643575106847433,
    0.15787663595943427,
    0.17421728481522716,
    0.12477975507072975
  ],
  "playing_ceiling": [
    0.7076053285925002,
    0.6029853067885363,
    0.3449301229075388,
    0.2422757788474271,
    0.21497422316867745
  ],
  "both": [
    3.1382146614723747,
    2.551211773063639,
    1.7031074582322308,
    1.1516309039589003,
    1.1830427794416876
  ]
}